{
  "success": true,
  "terms": "https:\/\/currencylayer.com\/terms",
  "privacy": "https:\/\/currencylayer.com\/privacy",
  "timestamp": 1490537649,
  "source": "USD",
  "quotes": {
    "USDAED": 3.672304,
    "USDAFN": 66.519997,
    "USDALL": 125.050003,
    "USDAMD": 483.540009,
    "USDANG": 1.777504,
    "USDAOA": 165.085999,
    "USDARS": 15.590402,
    "USDAUD": 1.310402,
    "USDAWG": 1.7905,
    "USDAZN": 1.719704,
    "USDBAM": 1.813904,
    "USDBBD": 2,
    "USDBDT": 80.190002,
    "USDBGN": 1.810104,
    "USDBHD": 0.376204,
    "USDBIF": 1692.880005,
    "USDBMD": 1,
    "USDBND": 1.398041,
    "USDBOB": 6.880399,
    "USDBRL": 3.107504,
    "USDBSD": 1,
    "USDBTC": 0.001017,
    "USDBTN": 65.474998,
    "USDBWP": 10.147304,
    "USDBYN": 1.870398,
    "USDBYR": 20020,
    "USDBZD": 1.997704,
    "USDCAD": 1.337704,
    "USDCDF": 1341.949951,
    "USDCHF": 0.99088,
    "USDCLF": 0.02469,
    "USDCLP": 659.503912,
    "USDCNY": 6.880204,
    "USDCOP": 2896.899902,
    "USDCRC": 551.099976,
    "USDCUC": 1,
    "USDCUP": 1.00036,
    "USDCVE": 102.129997,
    "USDCZK": 25.00704,
    "USDDJF": 177.580002,
    "USDDKK": 6.88128,
    "USDDOP": 46.849998,
    "USDDZD": 109.09804,
    "USDEEK": 14.49204,
    "USDEGP": 18.010392,
    "USDERN": 15.270392,
    "USDETB": 22.603874,
    "USDEUR": 0.925804,
    "USDFJD": 2.07404,
    "USDFKP": 0.800204,
    "USDGBP": 0.80179,
    "USDGEL": 2.440904,
    "USDGGP": 0.801699,
    "USDGHS": 4.338504,
    "USDGIP": 0.800404,
    "USDGMD": 43.709999,
    "USDGNF": 9188.000355,
    "USDGTQ": 7.343504,
    "USDGYD": 202.710007,
    "USDHKD": 7.764704,
    "USDHNL": 23.420388,
    "USDHRK": 6.828804,
    "USDHTG": 67.779999,
    "USDHUF": 287.320007,
    "USDIDR": 13324,
    "USDILS": 3.627804,
    "USDIMP": 0.801699,
    "USDINR": 65.400002,
    "USDIQD": 1181,
    "USDIRR": 32420.000352,
    "USDISK": 110.050003,
    "USDJEP": 0.801699,
    "USDJMD": 127.639999,
    "USDJOD": 0.707204,
    "USDJPY": 111.329002,
    "USDKES": 102.650002,
    "USDKGS": 68.835999,
    "USDKHR": 3984.399902,
    "USDKMF": 460.579987,
    "USDKPW": 900.00035,
    "USDKRW": 1116.050049,
    "USDKWD": 0.304039,
    "USDKYD": 0.820383,
    "USDKZT": 316.859985,
    "USDLAK": 8187.000349,
    "USDLBP": 1505.699951,
    "USDLKR": 151.503775,
    "USDLRD": 91.000348,
    "USDLSL": 12.440381,
    "USDLTL": 3.048704,
    "USDLVL": 0.62055,
    "USDLYD": 1.415039,
    "USDMAD": 9.964039,
    "USDMDL": 19.424999,
    "USDMGA": 3190.000347,
    "USDMKD": 56.720001,
    "USDMMK": 1366.000346,
    "USDMNT": 2452.000346,
    "USDMOP": 7.998404,
    "USDMRO": 357.000346,
    "USDMUR": 35.139999,
    "USDMVR": 15.420378,
    "USDMWK": 716.909973,
    "USDMXN": 18.893101,
    "USDMYR": 4.423039,
    "USDMZN": 70.440002,
    "USDNAD": 12.421039,
    "USDNGN": 315.000344,
    "USDNIO": 29.350377,
    "USDNOK": 8.480376,
    "USDNPR": 104.349998,
    "USDNZD": 1.422604,
    "USDOMR": 0.384504,
    "USDPAB": 1,
    "USDPEN": 3.240504,
    "USDPGK": 3.174504,
    "USDPHP": 50.200001,
    "USDPKR": 104.599998,
    "USDPLN": 3.946038,
    "USDPYG": 5622.000341,
    "USDQAR": 3.640804,
    "USDRON": 4.203404,
    "USDRSD": 114.770798,
    "USDRUB": 56.944038,
    "USDRWF": 817.280029,
    "USDSAR": 3.749604,
    "USDSBD": 7.776604,
    "USDSCR": 13.549038,
    "USDSDG": 6.667038,
    "USDSEK": 8.805204,
    "USDSGD": 1.398304,
    "USDSHP": 0.800404,
    "USDSLL": 7450.000338,
    "USDSOS": 545.000338,
    "USDSRD": 7.48037,
    "USDSTD": 22691.5,
    "USDSVC": 8.722204,
    "USDSYP": 514.97998,
    "USDSZL": 12.44037,
    "USDTHB": 34.549999,
    "USDTJS": 8.144404,
    "USDTMT": 3.41,
    "USDTND": 2.261304,
    "USDTOP": 2.304304,
    "USDTRY": 3.609804,
    "USDTTD": 6.709504,
    "USDTWD": 30.362038,
    "USDTZS": 2226.000335,
    "USDUAH": 27.090367,
    "USDUGX": 3582.000335,
    "USDUSD": 1,
    "USDUYU": 28.070367,
    "USDUZS": 3535.000334,
    "USDVEF": 9.974504,
    "USDVND": 22784,
    "USDVUV": 106.440002,
    "USDWST": 2.555038,
    "USDXAF": 606.97998,
    "USDXAG": 0.05629,
    "USDXAU": 0.000803,
    "USDXCD": 2.703604,
    "USDXDR": 0.733615,
    "USDXOF": 610.400024,
    "USDXPF": 109.900002,
    "USDYER": 249.949997,
    "USDZAR": 12.424404,
    "USDZMK": 5156.103591,
    "USDZMW": 9.480363,
    "USDZWL": 322.355011
  }
}